Code,Country,NUTS level 1,NUTS level 2,NUTS level 3
AL0,Albania,Albania,,
AL01,,,north,
AL011,,,,Dibër
AL012,,,,Durrës
AL013,,,,Kukës
AL014,,,,Lezhë
AL015,,,,Shkodër
AL02,,,center,
AL021,,,,Elbasan
AL022,,,,Tiranë
AL03,,,south,
AL031,,,,Berat
AL032,,,,Fier
AL033,,,,Gjirokastër
AL034,,,,Korcë
AL035,,,,Vlorë
AT1,Austria,Ostösterreich,,
AT11,,,Burgenland,
AT111,,,,Mittelburgenland
AT112,,,,Nordburgenland
AT113,,,,Südburgenland
AT12,,,Niederösterreich,
AT121,,,,Mostviertel-Eisenwurzen
AT122,,,,Niederösterreich-Süd
AT123,,,,Sankt Pölten
AT124,,,,Waldviertel
AT125,,,,Weinviertel
AT126,,,,Wiener Umland/Nordteil
AT127,,,,Wiener Umland/Südteil
AT13,,,Wien,
AT130,,,,
AT2,Austria,Südösterreich,,
AT21,,,Kärnten,
AT211,,,,Klagenfurt-Villach
AT212,,,,Oberkärnten
AT213,,,,Unterkärnten
AT22,,,Steiermark,
AT221,,,,Graz
AT222,,,,Liezen
AT223,,,,Östliche Obersteiermark
AT224,,,,Oststeiermark
AT225,,,,West- und Südsteiermark
AT226,,,,Westliche Obersteiermark
AT3,Austria,Westösterreich,,
AT31,,,Oberösterreich,
AT311,,,,Innviertel
AT312,,,,Linz-Wels
AT313,,,,Mühlviertel
AT314,,,,Steyr-Kirchdorf
AT315,,,,Traunviertel
AT32,,,Salzburg,
AT321,,,,Lungau
AT322,,,,Pinzgau-Pongau
AT323,,,,Salzburg und Umgebung
AT33,,,Tirol,
AT331,,,,Außerfern
AT332,,,,Innsbruck
AT333,,,,Osttirol
AT334,,,,Tiroler Oberland
AT335,,,,Tiroler Unterland
AT34,,,Vorarlberg,
AT341,,,,Bludenz-Bregenzer Wald
AT342,,,,Rheintal-Bodenseegebiet
BA0,Bosnia And Herzegovina,Bosnia And Herzegovina,,
BA00,,,Bosnia And Herzegovina,
BA000,,,,Bosnia And Herzegovina
BE1,Belgium,Région de Bruxelles-Capitale,,
BE10,,,Région de Bruxelles-Capitale,
BE100,,,,Région de Bruxelles-Capitale
BE2,Belgium,Vlaams Gewest,,
BE21,,,Prov. Antwerpen,
BE211,,,,Arr. Antwerpen
BE212,,,,Arr. Mechelen
BE213,,,,Arr. Turnhout
BE22,,,Prov. Limburg (BE),
BE223,,,,Arr. Tongeren
BE224,,,,Arr. Hasselt
BE225,,,,Arr. Maaseik
BE23,,,Prov. Oost-Vlaanderen,
BE231,,,,Arr. Aalst
BE232,,,,Arr. Dendermonde
BE233,,,,Arr. Eeklo
BE234,,,,Arr. Gent
BE235,,,,Arr. Oudenaarde
BE236,,,,Arr. Sint-Niklaas
BE24,,,Prov. Vlaams-Brabant,
BE241,,,,Arr. Halle-Vilvoorde
BE242,,,,Arr. Leuven
BE25,,,Prov. West-Vlaanderen,
BE251,,,,Arr. Brugge
BE252,,,,Arr. Diksmuide
BE253,,,,Arr. Ieper
BE254,,,,Arr. Kortrijk
BE255,,,,Arr. Oostende
BE256,,,,Arr. Roeselare
BE257,,,,Arr. Tielt
BE258,,,,Arr. Veurne
BE3,Belgium,Région wallonne,,
BE31,,,Prov. Brabant Wallon,
BE310,,,,Arr. Nivelles
BE32,,,Prov. Hainaut,
BE323,,,,Arr. Mons
BE32A,,,,Arr. Ath
BE32B,,,,Arr. Charleroi
BE32C,,,,Arr. Soignies
BE32D,,,,Arr. Thuin
BE33,,,Prov. Liège,
BE331,,,,Arr. Huy
BE332,,,,Arr. Liège
BE334,,,,Arr. Waremme
BE335,,,,Arr. Verviers — communes francophones
BE336,,,,Bezirk Verviers — Deutschsprachige Gemeinschaft
BE34,,,Prov. Luxembourg (BE),
BE341,,,,Arr. Arlon
BE342,,,,Arr. Bastogne
BE343,,,,Arr. Marche-en-Famenne
BE344,,,,Arr. Neufchâteau
BE345,,,,Arr. Virton
BE35,,,Prov. Namur,
BE351,,,,Arr. Dinant
BE352,,,,Arr. Namur
BE353,,,,Arr. Philippeville
BG3,Bulgaria,North and Southeast Bulgaria,,
BG31,,,Northwest,
BG311,,,,Vidin
BG312,,,,Montana
BG313,,,,Vratsa
BG314,,,,Pleven
BG315,,,,Lovech
BG32,,,North Central,
BG321,,,,Veliko Tarnovo
BG322,,,,Gabrovo
BG323,,,,ruse
BG324,,,,Razgrad
BG325,,,,Silistra
BG33,,,Northeast,
BG331,,,,Varna
BG332,,,,Dobrich
BG333,,,,Shumen
BG334,,,,Targovishte
BG34,,,Southeast,
BG341,,,,Burgas
BG342,,,,Sliven
BG343,,,,Yambol
BG344,,,,Stara Zagora
BG4,Bulgaria,Southwest and South Central Bulgaria,,
BG41,,,Southwestern,
BG411,,,,Sofia (capital)
BG412,,,,Sofia
BG413,,,,Blagoevgrad
BG414,,,,Gingerbread
BG415,,,,Kyustendil
BG42,,,South central,
BG421,,,,Plovdiv
BG422,,,,Haskovo
BG423,,,,Pazardzhik
BG424,,,,Smolyan
BG425,,,,Kardzhali
CH0,Switzerland,Switzerland,,
CH01,,,Région lémanique,
CH011,,,,Vaud
CH012,,,,Valais
CH013,,,,Genève
CH02,,,Espace Mittelland,
CH021,,,,Bern
CH022,,,,Freiburg
CH023,,,,Solothurn
CH024,,,,Neuchâtel
CH025,,,,Jura
CH03,,,Nordwestschweiz,
CH031,,,,Basel-Stadt
CH032,,,,Basel-Landschaft
CH033,,,,Aargau
CH04,,,Zürich,
CH040,,,,
CH05,,,Ostschweiz,
CH051,,,,Glarus
CH052,,,,Schaffhausen
CH053,,,,Appenzell Ausserrhoden
CH054,,,,Appenzell Innerrhoden
CH055,,,,St. Gallen
CH056,,,,Graubünden
CH057,,,,Thurgau
CH06,,,Zentralschweiz,
CH061,,,,Luzern
CH062,,,,Uri
CH063,,,,Schwyz
CH064,,,,Obwalden
CH065,,,,Nidwalden
CH066,,,,Zug
CH07,,,Ticino,
CH070,,,,
CY0,Cyprus,Cyprus,,
CY00,,,Cyprus,
CY000,,,,Cyprus
CZ0,Czech Republic,Czech Republic,,
CZ01,,,Prague,
CZ010,,,,Capital City of Prague
CZ02,,,Middle Bohemia,
CZ020,,,,Central Bohemian Region
CZ03,,,Southwest,
CZ031,,,,South Bohemian Region
CZ032,,,,Pilsen Region
CZ04,,,Northwest,
CZ041,,,,Karlovy Vary Region
CZ042,,,,Usti Region
CZ05,,,Northeast,
CZ051,,,,Liberec region
CZ052,,,,Hradec Kralove region
CZ053,,,,Pardubice Region
CZ06,,,Southeast,
CZ063,,,,Highlands region
CZ064,,,,South-Moravian region
CZ07,,,Central Moravia,
CZ071,,,,Olomouc region
CZ072,,,,Zlín Region
CZ08,,,Moravskoslezsko,
CZ080,,,,Moravian-Silesian Region
DE1,Germany,Baden-Württemberg,,
DE11,,,Stuttgart,
DE111,,,,"Stuttgart, Stadtkreis"
DE112,,,,Böblingen
DE113,,,,Esslingen
DE114,,,,Göppingen
DE115,,,,Ludwigsburg
DE116,,,,Rems-Murr-Kreis
DE117,,,,"Heilbronn, Stadtkreis"
DE118,,,,"Heilbronn, Landkreis"
DE119,,,,Hohenlohekreis
DE11A,,,,Schwäbisch Hall
DE11B,,,,Main-Tauber-Kreis
DE11C,,,,Heidenheim
DE11D,,,,Ostalbkreis
DE12,,,Karlsruhe,
DE121,,,,"Baden-Baden, Stadtkreis"
DE122,,,,"Karlsruhe, Stadtkreis"
DE123,,,,"Karlsruhe, Landkreis"
DE124,,,,Rastatt
DE125,,,,"Heidelberg, Stadtkreis"
DE126,,,,"Mannheim, Stadtkreis"
DE127,,,,Neckar-Odenwald-Kreis
DE128,,,,Rhein-Neckar-Kreis
DE129,,,,"Pforzheim, Stadtkreis"
DE12A,,,,Calw
DE12B,,,,Enzkreis
DE12C,,,,Freudenstadt
DE13,,,Freiburg,
DE131,,,,"Freiburg im Breisgau, Stadtkreis"
DE132,,,,Breisgau-Hochschwarzwald
DE133,,,,Emmendingen
DE134,,,,Ortenaukreis
DE135,,,,Rottweil
DE136,,,,Schwarzwald-Baar-Kreis
DE137,,,,Tuttlingen
DE138,,,,Konstanz
DE139,,,,Lörrach
DE13A,,,,Waldshut
DE14,,,Tübingen,
DE141,,,,Reutlingen
DE142,,,,"Tübingen, Landkreis"
DE143,,,,Zollernalbkreis
DE144,,,,"Ulm, Stadtkreis"
DE145,,,,Alb-Donau-Kreis
DE146,,,,Biberach
DE147,,,,Bodenseekreis
DE148,,,,Ravensburg
DE149,,,,Sigmaringen
DE2,Germany,Bayern,,
DE21,,,Oberbayern,
DE211,,,,"Ingolstadt, Kreisfreie Stadt"
DE212,,,,"München, Kreisfreie Stadt"
DE213,,,,"Rosenheim, Kreisfreie Stadt"
DE214,,,,Altötting
DE215,,,,Berchtesgadener Land
DE216,,,,Bad Tölz-Wolfratshausen
DE217,,,,Dachau
DE218,,,,Ebersberg
DE219,,,,Eichstätt
DE21A,,,,Erding
DE21B,,,,Freising
DE21C,,,,Fürstenfeldbruck
DE21D,,,,Garmisch-Partenkirchen
DE21E,,,,Landsberg am Lech
DE21F,,,,Miesbach
DE21G,,,,Mühldorf a. Inn
DE21H,,,,"München, Landkreis"
DE21I,,,,Neuburg-Schrobenhausen
DE21J,,,,Pfaffenhofen a. d. Ilm
DE21K,,,,"Rosenheim, Landkreis"
DE21L,,,,Starnberg
DE21M,,,,Traunstein
DE21N,,,,Weilheim-Schongau
DE22,,,Niederbayern,
DE221,,,,"Landshut, Kreisfreie Stadt"
DE222,,,,"Passau, Kreisfreie Stadt"
DE223,,,,"Straubing, Kreisfreie Stadt"
DE224,,,,Deggendorf
DE225,,,,Freyung-Grafenau
DE226,,,,Kelheim
DE227,,,,"Landshut, Landkreis"
DE228,,,,"Passau, Landkreis"
DE229,,,,Regen
DE22A,,,,Rottal-Inn
DE22B,,,,Straubing-Bogen
DE22C,,,,Dingolfing-Landau
DE23,,,Oberpfalz,
DE231,,,,"Amberg, Kreisfreie Stadt"
DE232,,,,"Regensburg, Kreisfreie Stadt"
DE233,,,,"Weiden i. d. Opf, Kreisfreie Stadt"
DE234,,,,Amberg-Sulzbach
DE235,,,,Cham
DE236,,,,Neumarkt i. d. OPf.
DE237,,,,Neustadt a. d. Waldnaab
DE238,,,,"Regensburg, Landkreis"
DE239,,,,Schwandorf
DE23A,,,,Tirschenreuth
DE24,,,Oberfranken,
DE241,,,,"Bamberg, Kreisfreie Stadt"
DE242,,,,"Bayreuth, Kreisfreie Stadt"
DE243,,,,"Coburg, Kreisfreie Stadt"
DE244,,,,"Hof, Kreisfreie Stadt"
DE245,,,,"Bamberg, Landkreis"
DE246,,,,"Bayreuth, Landkreis"
DE247,,,,"Coburg, Landkreis"
DE248,,,,Forchheim
DE249,,,,"Hof, Landkreis"
DE24A,,,,Kronach
DE24B,,,,Kulmbach
DE24C,,,,Lichtenfels
DE24D,,,,Wunsiedel i. Fichtelgebirge
DE25,,,Mittelfranken,
DE251,,,,"Ansbach, Kreisfreie Stadt"
DE252,,,,"Erlangen, Kreisfreie Stadt"
DE253,,,,"Fürth, Kreisfreie Stadt"
DE254,,,,"Nürnberg, Kreisfreie Stadt"
DE255,,,,"Schwabach, Kreisfreie Stadt"
DE256,,,,"Ansbach, Landkreis"
DE257,,,,Erlangen-Höchstadt
DE258,,,,"Fürth, Landkreis"
DE259,,,,Nürnberger Land
DE25A,,,,Neustadt a. d. Aisch-Bad Windsheim
DE25B,,,,Roth
DE25C,,,,Weißenburg-Gunzenhausen
DE26,,,Unterfranken,
DE261,,,,"Aschaffenburg, Kreisfreie Stadt"
DE262,,,,"Schweinfurt, Kreisfreie Stadt"
DE263,,,,"Würzburg, Kreisfreie Stadt"
DE264,,,,"Aschaffenburg, Landkreis"
DE265,,,,Bad Kissingen
DE266,,,,Rhön-Grabfeld
DE267,,,,Haßberge
DE268,,,,Kitzingen
DE269,,,,Miltenberg
DE26A,,,,Main-Spessart
DE26B,,,,"Schweinfurt, Landkreis"
DE26C,,,,"Würzburg, Landkreis"
DE27,,,Schwaben,
DE271,,,,"Augsburg, Kreisfreie Stadt"
DE272,,,,"Kaufbeuren, Kreisfreie Stadt"
DE273,,,,"Kempten (Allgäu), Kreisfreie Stadt"
DE274,,,,"Memmingen, Kreisfreie Stadt"
DE275,,,,Aichach-Friedberg
DE276,,,,"Augsburg, Landkreis"
DE277,,,,Dillingen a.d. Donau
DE278,,,,Günzburg
DE279,,,,Neu-Ulm
DE27A,,,,Lindau (Bodensee)
DE27B,,,,Ostallgäu
DE27C,,,,Unterallgäu
DE27D,,,,Donau-Ries
DE27E,,,,Oberallgäu
DE3,Germany,Berlin,,
DE30,,,Berlin,
DE300,,,,Berlin
DE4,Germany,Brandenburg,,
DE40,,,Brandenburg,
DE401,,,,"Brandenburg an der Havel, Kreisfreie Stadt"
DE402,,,,"Cottbus, Kreisfreie Stadt"
DE403,,,,"Frankfurt (Oder), Kreisfreie Stadt"
DE404,,,,"Potsdam, Kreisfreie Stadt"
DE405,,,,Barnim
DE406,,,,Dahme-Spreewald
DE407,,,,Elbe-Elster
DE408,,,,Havelland
DE409,,,,Märkisch-Oderland
DE40A,,,,Oberhavel
DE40B,,,,Oberspreewald-Lausitz
DE40C,,,,Oder-Spree
DE40D,,,,Ostprignitz-Ruppin
DE40E,,,,Potsdam-Mittelmark
DE40F,,,,Prignitz
DE40G,,,,Spree-Neiße
DE40H,,,,Teltow-Fläming
DE40I,,,,Uckermark
DE5,Germany,Bremen,,
DE50,,,Bremen,
DE501,,,,"Bremen, Kreisfreie Stadt"
DE502,,,,"Bremerhaven, Kreisfreie Stadt"
DE6,Germany,Hamburg,,
DE60,,,Hamburg,
DE600,,,,Hamburg
DE7,Germany,Hessen,,
DE71,,,Darmstadt,
DE711,,,,"Darmstadt, Kreisfreie Stadt"
DE712,,,,"Frankfurt am Main, Kreisfreie Stadt"
DE713,,,,"Offenbach am Main, Kreisfreie Stadt"
DE714,,,,"Wiesbaden, Kreisfreie Stadt"
DE715,,,,Bergstraße
DE716,,,,Darmstadt-Dieburg
DE717,,,,Groß-Gerau
DE718,,,,Hochtaunuskreis
DE719,,,,Main-Kinzig-Kreis
DE71A,,,,Main-Taunus-Kreis
DE71B,,,,Odenwaldkreis
DE71C,,,,"Offenbach, Landkreis"
DE71D,,,,Rheingau-Taunus-Kreis
DE71E,,,,Wetteraukreis
DE72,,,Gießen,
DE721,,,,"Gießen, Landkreis"
DE722,,,,Lahn-Dill-Kreis
DE723,,,,Limburg-Weilburg
DE724,,,,Marburg-Biedenkopf
DE725,,,,Vogelsbergkreis
DE73,,,Kassel,
DE731,,,,"Kassel, Kreisfreie Stadt"
DE732,,,,Fulda
DE733,,,,Hersfeld-Rotenburg
DE734,,,,"Kassel, Landkreis"
DE735,,,,Schwalm-Eder-Kreis
DE736,,,,Waldeck-Frankenberg
DE737,,,,Werra-Meißner-Kreis
DE8,Germany,Mecklenburg-Vorpommern,,
DE80,,,Mecklenburg-Vorpommern,
DE803,,,,"Rostock, Kreisfreie Stadt"
DE804,,,,"Schwerin, Kreisfreie Stadt"
DE80J,,,,Mecklenburgische Seenplatte
DE80K,,,,Landkreis Rostock
DE80L,,,,Vorpommern-Rügen
DE80M,,,,Nordwestmecklenburg
DE80N,,,,Vorpommern-Greifswald
DE80O,,,,Ludwigslust-Parchim
DE9,Germany,Niedersachsen,,
DE91,,,Braunschweig,
DE911,,,,"Braunschweig, Kreisfreie Stadt"
DE912,,,,"Salzgitter, Kreisfreie Stadt"
DE913,,,,"Wolfsburg, Kreisfreie Stadt"
DE914,,,,Gifhorn
DE916,,,,Goslar
DE917,,,,Helmstedt
DE918,,,,Northeim
DE91A,,,,Peine
DE91B,,,,Wolfenbüttel
DE91C,,,,Göttingen
DE92,,,Hannover,
DE922,,,,Diepholz
DE923,,,,Hameln-Pyrmont
DE925,,,,Hildesheim
DE926,,,,Holzminden
DE927,,,,Nienburg (Weser)
DE928,,,,Schaumburg
DE929,,,,Region Hannover
DE93,,,Lüneburg,
DE931,,,,Celle
DE932,,,,Cuxhaven
DE933,,,,Harburg
DE934,,,,Lüchow-Dannenberg
DE935,,,,"Lüneburg, Landkreis"
DE936,,,,Osterholz
DE937,,,,Rotenburg (Wümme)
DE938,,,,Heidekreis
DE939,,,,Stade
DE93A,,,,Uelzen
DE93B,,,,Verden
DE94,,,Weser-Ems,
DE941,,,,"Delmenhorst, Kreisfreie Stadt"
DE942,,,,"Emden, Kreisfreie Stadt"
DE943,,,,"Oldenburg (Oldenburg), Kreisfreie Stadt"
DE944,,,,"Osnabrück, Kreisfreie Stadt"
DE945,,,,"Wilhelmshaven, Kreisfreie Stadt"
DE946,,,,Ammerland
DE947,,,,Aurich
DE948,,,,Cloppenburg
DE949,,,,Emsland
DE94A,,,,Friesland (DE)
DE94B,,,,Grafschaft Bentheim
DE94C,,,,Leer
DE94D,,,,"Oldenburg, Landkreis"
DE94E,,,,"Osnabrück, Landkreis"
DE94F,,,,Vechta
DE94G,,,,Wesermarsch
DE94H,,,,Wittmund
DEA,Germany,Nordrhein-Westfalen,,
DEA1,,,Düsseldorf,
DEA11,,,,"Düsseldorf, Kreisfreie Stadt"
DEA12,,,,"Duisburg, Kreisfreie Stadt"
DEA13,,,,"Essen, Kreisfreie Stadt"
DEA14,,,,"Krefeld, Kreisfreie Stadt"
DEA15,,,,"Mönchengladbach, Kreisfreie Stadt"
DEA16,,,,"Mülheim an der Ruhr, Kreisfreie Stadt"
DEA17,,,,"Oberhausen, Kreisfreie Stadt"
DEA18,,,,"Remscheid, Kreisfreie Stadt"
DEA19,,,,"Solingen, Kreisfreie Stadt"
DEA1A,,,,"Wuppertal, Kreisfreie Stadt"
DEA1B,,,,Kleve
DEA1C,,,,Mettmann
DEA1D,,,,Rhein-Kreis Neuss
DEA1E,,,,Viersen
DEA1F,,,,Wesel
DEA2,,,Köln,
DEA22,,,,"Bonn, Kreisfreie Stadt"
DEA23,,,,"Köln, Kreisfreie Stadt"
DEA24,,,,"Leverkusen, Kreisfreie Stadt"
DEA26,,,,Düren
DEA27,,,,Rhein-Erft-Kreis
DEA28,,,,Euskirchen
DEA29,,,,Heinsberg
DEA2A,,,,Oberbergischer Kreis
DEA2B,,,,Rheinisch-Bergischer Kreis
DEA2C,,,,Rhein-Sieg-Kreis
DEA2D,,,,Städteregion Aachen
DEA3,,,Münster,
DEA31,,,,"Bottrop, Kreisfreie Stadt"
DEA32,,,,"Gelsenkirchen, Kreisfreie Stadt"
DEA33,,,,"Münster, Kreisfreie Stadt"
DEA34,,,,Borken
DEA35,,,,Coesfeld
DEA36,,,,Recklinghausen
DEA37,,,,Steinfurt
DEA38,,,,Warendorf
DEA4,,,Detmold,
DEA41,,,,"Bielefeld, Kreisfreie Stadt"
DEA42,,,,Gütersloh
DEA43,,,,Herford
DEA44,,,,Höxter
DEA45,,,,Lippe
DEA46,,,,Minden-Lübbecke
DEA47,,,,Paderborn
DEA5,,,Arnsberg,
DEA51,,,,"Bochum, Kreisfreie Stadt"
DEA52,,,,"Dortmund, Kreisfreie Stadt"
DEA53,,,,"Hagen, Kreisfreie Stadt"
DEA54,,,,"Hamm, Kreisfreie Stadt"
DEA55,,,,"Herne, Kreisfreie Stadt"
DEA56,,,,Ennepe-Ruhr-Kreis
DEA57,,,,Hochsauerlandkreis
DEA58,,,,Märkischer Kreis
DEA59,,,,Olpe
DEA5A,,,,Siegen-Wittgenstein
DEA5B,,,,Soest
DEA5C,,,,Unna
DEB,Germany,Rheinland-Pfalz,,
DEB1,,,Koblenz,
DEB11,,,,"Koblenz, Kreisfreie Stadt"
DEB12,,,,Ahrweiler
DEB13,,,,Altenkirchen (Westerwald)
DEB14,,,,Bad Kreuznach
DEB15,,,,Birkenfeld
DEB17,,,,Mayen-Koblenz
DEB18,,,,Neuwied
DEB1A,,,,Rhein-Lahn-Kreis
DEB1B,,,,Westerwaldkreis
DEB1C,,,,Cochem-Zell
DEB1D,,,,Rhein-Hunsrück-Kreis
DEB2,,,Trier,
DEB21,,,,"Trier, Kreisfreie Stadt"
DEB22,,,,Bernkastel-Wittlich
DEB23,,,,Eifelkreis Bitburg-Prüm
DEB24,,,,Vulkaneifel
DEB25,,,,Trier-Saarburg
DEB3,,,Rheinhessen-Pfalz,
DEB31,,,,"Frankenthal (Pfalz), Kreisfreie Stadt"
DEB32,,,,"Kaiserslautern, Kreisfreie Stadt"
DEB33,,,,"Landau in der Pfalz, Kreisfreie Stadt"
DEB34,,,,"Ludwigshafen am Rhein, Kreisfreie Stadt"
DEB35,,,,"Mainz, Kreisfreie Stadt"
DEB36,,,,"Neustadt an der Weinstraße, Kreisfreie Stadt"
DEB37,,,,"Pirmasens, Kreisfreie Stadt"
DEB38,,,,"Speyer, Kreisfreie Stadt"
DEB39,,,,"Worms, Kreisfreie Stadt"
DEB3A,,,,"Zweibrücken, Kreisfreie Stadt"
DEB3B,,,,Alzey-Worms
DEB3C,,,,Bad Dürkheim
DEB3D,,,,Donnersbergkreis
DEB3E,,,,Germersheim
DEB3F,,,,"Kaiserslautern, Landkreis"
DEB3G,,,,Kusel
DEB3H,,,,Südliche Weinstraße
DEB3I,,,,Rhein-Pfalz-Kreis
DEB3J,,,,Mainz-Bingen
DEB3K,,,,Südwestpfalz
DEC,Germany,Saarland,,
DEC0,,,Saarland,
DEC01,,,,Regionalverband Saarbrücken
DEC02,,,,Merzig-Wadern
DEC03,,,,Neunkirchen
DEC04,,,,Saarlouis
DEC05,,,,Saarpfalz-Kreis
DEC06,,,,St. Wendel
DED,Germany,Sachsen,,
DED2,,,Dresden,
DED21,,,,"Dresden, Kreisfreie Stadt"
DED2C,,,,Bautzen
DED2D,,,,Görlitz
DED2E,,,,Meißen
DED2F,,,,Sächsische Schweiz-Osterzgebirge
DED4,,,Chemnitz,
DED41,,,,"Chemnitz, Kreisfreie Stadt"
DED42,,,,Erzgebirgskreis
DED43,,,,Mittelsachsen
DED44,,,,Vogtlandkreis
DED45,,,,Zwickau
DED5,,,Leipzig,
DED51,,,,"Leipzig, Kreisfreie Stadt"
DED52,,,,Leipzig
DED53,,,,Nordsachsen
DEE,Germany,Sachsen-Anhalt,,
DEE0,,,Sachsen-Anhalt,
DEE01,,,,"Dessau-Roßlau, Kreisfreie Stadt"
DEE02,,,,"Halle (Saale), Kreisfreie Stadt"
DEE03,,,,"Magdeburg, Kreisfreie Stadt"
DEE04,,,,Altmarkkreis Salzwedel
DEE05,,,,Anhalt-Bitterfeld
DEE06,,,,Jerichower Land
DEE07,,,,Börde
DEE08,,,,Burgenlandkreis
DEE09,,,,Harz
DEE0A,,,,Mansfeld-Südharz
DEE0B,,,,Saalekreis
DEE0C,,,,Salzlandkreis
DEE0D,,,,Stendal
DEE0E,,,,Wittenberg
DEF,Germany,Schleswig-Holstein,,
DEF0,,,Schleswig-Holstein,
DEF01,,,,"Flensburg, Kreisfreie Stadt"
DEF02,,,,"Kiel, Kreisfreie Stadt"
DEF03,,,,"Lübeck, Kreisfreie Stadt"
DEF04,,,,"Neumünster, Kreisfreie Stadt"
DEF05,,,,Dithmarschen
DEF06,,,,Herzogtum Lauenburg
DEF07,,,,Nordfriesland
DEF08,,,,Ostholstein
DEF09,,,,Pinneberg
DEF0A,,,,Plön
DEF0B,,,,Rendsburg-Eckernförde
DEF0C,,,,Schleswig-Flensburg
DEF0D,,,,Segeberg
DEF0E,,,,Steinburg
DEF0F,,,,Stormarn
DEG,Germany,Thüringen,,
DEG0,,,Thüringen,
DEG01,,,,"Erfurt, Kreisfreie Stadt"
DEG02,,,,"Gera, Kreisfreie Stadt"
DEG03,,,,"Jena, Kreisfreie Stadt"
DEG04,,,,"Suhl, Kreisfreie Stadt"
DEG05,,,,"Weimar, Kreisfreie Stadt"
DEG06,,,,Eichsfeld
DEG07,,,,Nordhausen
DEG09,,,,Unstrut-Hainich-Kreis
DEG0A,,,,Kyffhäuserkreis
DEG0B,,,,Schmalkalden-Meiningen
DEG0C,,,,Gotha
DEG0D,,,,Sömmerda
DEG0E,,,,Hildburghausen
DEG0F,,,,Ilm-Kreis
DEG0G,,,,Weimarer Land
DEG0H,,,,Sonneberg
DEG0I,,,,Saalfeld-Rudolstadt
DEG0J,,,,Saale-Holzland-Kreis
DEG0K,,,,Saale-Orla-Kreis
DEG0L,,,,Greiz
DEG0M,,,,Altenburger Land
DEG0N,,,,"Eisenach, Kreisfreie Stadt"
DEG0P,,,,Wartburgkreis
DK0,Denmark,Denmark,,
DK01,,,Hovedstaden,
DK011,,,,Byen København
DK012,,,,Københavns omegn
DK013,,,,Nordsjælland
DK014,,,,Bornholm
DK02,,,Sjælland,
DK021,,,,Østsjælland
DK022,,,,Vest- og Sydsjælland
DK03,,,Syddanmark,
DK031,,,,Fyn
DK032,,,,Sydjylland
DK04,,,Midtjylland,
DK041,,,,Vestjylland
DK042,,,,Østjylland
DK05,,,Nordjylland,
DK050,,,,
EE0,Estonia,Estonia,,
EE00,,,Estonia,
EE001,,,,Põhja-Eesti
EE004,,,,Lääne-Eesti
EE008,,,,Lõuna-Eesti
EE009,,,,Kesk-Eesti
EE00A,,,,Kirde-Eesti
EL3,Greece,Attica,,
EL30,,,Attica,
EL301,,,,Northern Division of Athens
EL302,,,,Western Sector of Athens
EL303,,,,Athens Central Sector
EL304,,,,Southern Section of Athens
EL305,,,,East Attica
EL306,,,,West Attica
EL307,,,,"Piraeus, Islands"
EL4,Greece,"Aegean Islands, Crete",,
EL41,,,Northern Aegean,
EL411,,,,"Lesvos, Lemnos"
EL412,,,,"Ikaria, Samos"
EL413,,,,Chios
EL42,,,Southern Aegean Sea,
EL421,,,,"Kalymnos, Karpathos - Heroic Island of Kasos, Kos, Rhodes"
EL422,,,,"Andros, Thira, Kea, Milos, Mykonos, Naxos, Paros, Syros, Tinos"
EL43,,,Crete,
EL431,,,,Heraklion
EL432,,,,Lasithi
EL433,,,,Rethimno
EL434,,,,Chania
EL5,Greece,Northern Greece,,
EL51,,,"Eastern Macedonia, Thrace",
EL511,,,,Evros
EL512,,,,Blonde
EL513,,,,Rhodope
EL514,,,,Drama
EL515,,,,"Thasos, Kavala"
EL52,,,Central Macedonia,
EL521,,,,Imathia
EL522,,,,Thessaloniki
EL523,,,,Kilkis
EL524,,,,Pella
EL525,,,,Pieria
EL526,,,,Serres
EL527,,,,Chalcidice
EL53,,,West Macedonia,
EL531,,,,"Grevena, Kozani"
EL532,,,,Kastoria
EL533,,,,Florina
EL54,,,Continent,
EL541,,,,"Arta, Preveza"
EL542,,,,Thesprotia
EL543,,,,Janina
EL6,Greece,Central Greece,,
EL61,,,Thessalia,
EL611,,,,"Karditsa, Trikala"
EL612,,,,Larissa
EL613,,,,"Magnesia, Sporades"
EL62,,,Ionia Nisia,
EL621,,,,Zante
EL622,,,,Corfu
EL623,,,,"Ithaca, Kefallinia"
EL624,,,,Lefkada
EL63,,,Dytiki Elláda,
EL631,,,,Etoloakarnania
EL632,,,,Achaia
EL633,,,,Ilia
EL64,,,Sterea Elláda,
EL641,,,,Boeotia
EL642,,,,Euboea
EL643,,,,Evritania
EL644,,,,Phthiotis
EL645,,,,Seal
EL65,,,Peloponnisos,
EL651,,,,"Argolida, Arcadia"
EL652,,,,Corinthia
EL653,,,,"Laconia, Messinia"
ES1,Spain,Northwest,,
ES11,,,Galicia,
ES111,,,,A Coruña
ES112,,,,Lugo
ES113,,,,Ourense
ES114,,,,Pontevedra
ES12,,,Principado de Asturias,
ES120,,,,Asturias
ES13,,,Cantabria,
ES130,,,,Cantabria
ES2,Spain,Northeast,,
ES21,,,País Vasco,
ES211,,,,Araba/Álava
ES212,,,,Gipuzkoa
ES213,,,,Bizkaia
ES22,,,Comunidad Foral de Navarra,
ES220,,,,Navarra
ES23,,,La Rioja,
ES230,,,,La Rioja
ES24,,,Aragón,
ES241,,,,Huesca
ES242,,,,Teruel
ES243,,,,Zaragoza
ES3,Spain,Madrid's community,,
ES30,,,Madrid,
ES300,,,,Madrid
ES4,Spain,Center,,
ES41,,,Castilla y León,
ES411,,,,Ávila
ES412,,,,Burgos
ES413,,,,León
ES414,,,,Palencia
ES415,,,,Salamanca
ES416,,,,Segovia
ES417,,,,Soria
ES418,,,,Valladolid
ES419,,,,Zamora
ES42,,,Castilla-La Mancha,
ES421,,,,Albacete
ES422,,,,Ciudad Real
ES423,,,,Cuenca
ES424,,,,Guadalajara
ES425,,,,Toledo
ES43,,,Extremadura,
ES431,,,,Badajoz
ES432,,,,Cáceres
ES5,Spain,East,,
ES51,,,Cataluña,
ES511,,,,Barcelona
ES512,,,,Girona
ES513,,,,Lleida
ES514,,,,Tarragona
ES52,,,Comunitat Valenciana ,
ES521,,,,Alicante/Alacant
ES522,,,,Castellón/Castelló
ES523,,,,Valencia/València
ES53,,,Illes Balears,
ES531,,,,Eivissa y Formentera
ES532,,,,Mallorca
ES533,,,,Menorca
ES6,Spain,South,,
ES61,,,Andalucía,
ES611,,,,Almería
ES612,,,,Cádiz
ES613,,,,Córdoba
ES614,,,,Granada
ES615,,,,Huelva
ES616,,,,Jaén
ES617,,,,Málaga
ES618,,,,Sevilla
ES62,,,Región de Murcia,
ES620,,,,Murcia
ES63,,,Ciudad de Ceuta,
ES630,,,,Ceuta
ES64,,,Ciudad de Melilla,
ES640,,,,Melilla
ES7,Spain,Canary Islands,,
ES70,,,Canary Islands,
ES703,,,,El Hierro
ES704,,,,Fuerteventura
ES705,,,,Gran Canaria
ES706,,,,La Gomera
ES707,,,,La Palma
ES708,,,,Lanzarote
ES709,,,,Tenerife
FI1,Finland,Manner-Suomi,,
FI19,,,Länsi-Suomi,
FI193,,,,Keski-Suomi
FI194,,,,Etelä-Pohjanmaa
FI195,,,,Pohjanmaa
FI196,,,,Satakunta
FI197,,,,Pirkanmaa
FI1B,,,Helsinki-Uusimaa,
FI1B1,,,,Helsinki-Uusimaa
FI1C,,,Etelä-Suomi,
FI1C1,,,,Varsinais-Suomi
FI1C2,,,,Kanta-Häme
FI1C3,,,,Päijät-Häme
FI1C4,,,,Kymenlaakso
FI1C5,,,,Etelä-Karjala
FI1D,,,Pohjois- ja Itä-Suomi,
FI1D1,,,,Etelä-Savo
FI1D2,,,,Pohjois-Savo
FI1D3,,,,Pohjois-Karjala
FI1D5,,,,Keski-Pohjanmaa
FI1D7,,,,Lappi
FI1D8,,,,Kainuu
FI1D9,,,,Pohjois-Pohjanmaa
FI2,Finland,Åland,,
FI20,,,Åland,
FI200,,,,Åland
FR1,France,Ile-de-France,,
FR10,,,,
FR101,,,,Paris
FR102,,,,Seine-et-Marne 
FR103,,,,Yvelines 
FR104,,,,Essonne
FR105,,,,Hauts-de-Seine 
FR106,,,,Seine-Saint-Denis 
FR107,,,,Val-de-Marne
FR108,,,,Val-d’Oise
FRB,France,Centre — Val de Loire,,
FRB0,,,,
FRB01,,,,Cher
FRB02,,,,Eure-et-Loir
FRB03,,,,Indre
FRB04,,,,Indre-et-Loire
FRB05,,,,Loir-et-Cher
FRB06,,,,Loiret
FRC,France,Bourgogne-Franche-Comté,,
FRC1,,,Bourgogne,
FRC11,,,,Côte-d’Or
FRC12,,,,Nièvre
FRC13,,,,Saône-et-Loire
FRC14,,,,Yonne
FRC2,,,Franche-Comté,
FRC21,,,,Doubs
FRC22,,,,Jura
FRC23,,,,Haute-Saône
FRC24,,,,Territoire de Belfort
FRD,France,Normandie,,
FRD1,,,Basse-Normandie ,
FRD11,,,,Calvados 
FRD12,,,,Manche 
FRD13,,,,Orne
FRD2,,,Haute-Normandie ,
FRD21,,,,Eure
FRD22,,,,Seine-Maritime
FRE,France,Hauts-de-France,,
FRE1,,,Nord-Pas de Calais,
FRE11,,,,Nord
FRE12,,,,Pas-de-Calais
FRE2,,,Picardie,
FRE21,,,,Aisne
FRE22,,,,Oise
FRE23,,,,Somme
FRF,France,Grand Est,,
FRF1,,,Alsace,
FRF11,,,,Bas-Rhin
FRF12,,,,Haut-Rhin
FRF2,,,Champagne-Ardenne,
FRF21,,,,Ardennes
FRF22,,,,Aube
FRF23,,,,Marne
FRF24,,,,Haute-Marne
FRF3,,,Lorraine,
FRF31,,,,Meurthe-et-Moselle 
FRF32,,,,Meuse 
FRF33,,,,Moselle
FRF34,,,,Vosges
FRG,France,Pays de la Loire,,
FRG0,,,,
FRG01,,,,Loire-Atlantique
FRG02,,,,Maine-et-Loire
FRG03,,,,Mayenne
FRG04,,,,Sarthe
FRG05,,,,Vendée
FRH,France,Bretagne,,
FRH0,,,,
FRH01,,,,Côtes-d’Armor
FRH02,,,,Finistère
FRH03,,,,Ille-et-Vilaine
FRH04,,,,Morbihan
FRI,France,Nouvelle-Aquitaine,,
FRI1,,,Aquitaine,
FRI11,,,,Dordogne
FRI12,,,,Gironde
FRI13,,,,Landes
FRI14,,,,Lot-et-Garonne
FRI15,,,,Pyrénées-Atlantiques
FRI2,,,Limousin,
FRI21,,,,Corrèze
FRI22,,,,Creuse
FRI23,,,,Haute-Vienne
FRI3,,,Poitou-Charentes,
FRI31,,,,Charente
FRI32,,,,Charente-Maritime
FRI33,,,,Deux-Sèvres
FRI34,,,,Vienne
FRJ,France,Occitanie,,
FRJ1,,,Languedoc-Roussillon,
FRJ11,,,,Aude
FRJ12,,,,Gard
FRJ13,,,,Hérault
FRJ14,,,,Lozère
FRJ15,,,,Pyrénées-Orientales
FRJ2,,,Midi-Pyrénées,
FRJ21,,,,Ariège
FRJ22,,,,Aveyron
FRJ23,,,,Haute-Garonne
FRJ24,,,,Gers
FRJ25,,,,Lot
FRJ26,,,,Hautes-Pyrénées 
FRJ27,,,,Tarn
FRJ28,,,,Tarn-et-Garonne
FRK,France,Auvergne-Rhône-Alpes,,
FRK1,,,Auvergne,
FRK11,,,,Allier
FRK12,,,,Cantal
FRK13,,,,Haute-Loire
FRK14,,,,Puy-de-Dôme
FRK2,,,Rhône-Alpes,
FRK21,,,,Ain
FRK22,,,,Ardèche
FRK23,,,,Drôme
FRK24,,,,Isère
FRK25,,,,Loire
FRK26,,,,Rhône
FRK27,,,,Savoie
FRK28,,,,Haute-Savoie
FRL,France,Provence-Alpes-Côte d’Azur,,
FRL0,,,,
FRL01,,,,Alpes-de-Haute-Provence
FRL02,,,,Hautes-Alpes 
FRL03,,,,Alpes-Maritimes
FRL04,,,,Bouches-du-Rhône
FRL05,,,,Var
FRL06,,,,Vaucluse
FRM,France,Corse,,
FRM0,,,,
FRM01,,,,Corse-du-Sud
FRM02,,,,Haute-Corse
FRY,France,RUP FR — Régions Ultrapériphériques Françaises,,
FRY1,,,Guadeloupe,
FRY10,,,,Guadeloupe
FRY2,,,Martinique ,
FRY20,,,,Martinique 
FRY3,,,Guyane,
FRY30,,,,Guyane
FRY4,,,La Réunion ,
FRY40,,,,La Réunion
FRY5,,,Mayotte,
FRY50,,,,Mayotte 
HR0,Croatia,Hrvatska,,
HR02,,,Panonska Hrvatska,
HR021,,,,County of Bjelovar-Bilogora
HR022,,,,County of Virovitica-Podravina
HR023,,,,County of Požega-Slavonia
HR024,,,,County of Brod-Posavina
HR025,,,,Osijek-Baranja County
HR026,,,,Vukovar-Srijem County
HR027,,,,Karlovac County
HR028,,,,Sisak-Moslavina County
HR03,,,Jadranska Hrvatska,
HR031,,,,County of Primorje-Gorski kotar
HR032,,,,County of Lika-Senj
HR033,,,,Zadar County
HR034,,,,Šibenik-Knin County
HR035,,,,Split-Dalmatia County
HR036,,,,County of Istria
HR037,,,,Dubrovnik-Neretva County
HR05,,,Grad Zagreb,
HR050,,,,City of Zagreb
HR06,,,Sjeverna Hrvatska,
HR061,,,,County of Medimurje
HR062,,,,Varaždin County
HR063,,,,County of Koprivnica-Križevci
HR064,,,,County of Krapina-Zagorje
HR065,,,,Zagreb County
HU1,Hungary,Közép-Magyarország,,
HU11,,,Budapest,
HU110,,,,Budapest
HU12,,,Pest,
HU120,,,,Pest
HU2,Hungary,Dunántúl,,
HU21,,,Közép-Dunántúl,
HU211,,,,Fejér
HU212,,,,Komárom-Esztergom
HU213,,,,Veszprém
HU22,,,Nyugat-Dunántúl,
HU221,,,,Gyor-Moson-Sopron
HU222,,,,Vas
HU223,,,,Zala
HU23,,,Dél-Dunántúl,
HU231,,,,Baranya
HU232,,,,Somogy
HU233,,,,Tolna
HU3,Hungary,Alföld és Észak,,
HU31,,,Észak-Magyarország,
HU311,,,,Borsod-Abaúj-Zemplén
HU312,,,,Heves
HU313,,,,Nógrád
HU32,,,Észak-Alföld,
HU321,,,,Hajdú-Bihar
HU322,,,,Jász-Nagykun-Szolnok
HU323,,,,Szabolcs-Szatmár-Bereg
HU33,,,Dél-Alföld,
HU331,,,,Bács-Kiskun
HU332,,,,Békés
HU333,,,,Csongrád
IE0,Ireland,Ireland,,
IE04,,,Northern and Western,
IE041,,,,Border
IE042,,,,West
IE05,,,Southern,
IE051,,,,Mid-West 
IE052,,,,South-East 
IE053,,,,South-West 
IE06,,,Eastern and Midland,
IE061,,,,Dublin
IE062,,,,Mid-East
IE063,,,,Midland
ITC,Italy,Northwest,,
ITC1,,,Piemonte,
ITC11,,,,Torino
ITC12,,,,Vercelli
ITC13,,,,Biella
ITC14,,,,Verbano-Cusio-Ossola
ITC15,,,,Novara
ITC16,,,,Cuneo
ITC17,,,,Asti
ITC18,,,,Alessandria
ITC2,,,Valle d’Aosta/Vallée d’Aoste,
ITC20,,,,Valle d’Aosta/Vallée d’Aoste
ITC3,,,Liguria,
ITC31,,,,Imperia
ITC32,,,,Savona
ITC33,,,,Genova
ITC34,,,,La Spezia
ITC4,,,Lombardia,
ITC41,,,,Varese
ITC42,,,,Como
ITC43,,,,Lecco
ITC44,,,,Sondrio
ITC46,,,,Bergamo
ITC47,,,,Brescia
ITC48,,,,Pavia
ITC49,,,,Lodi
ITC4A,,,,Cremona
ITC4B,,,,Mantova
ITC4C,,,,Milano
ITC4D,,,,Monza e della Brianza
ITF,Italy,South,,
ITF1,,,Abruzzo,
ITF11,,,,L’Aquila
ITF12,,,,Teramo
ITF13,,,,Pescara
ITF14,,,,Chieti
ITF2,,,Molise,
ITF21,,,,Isernia
ITF22,,,,Campobasso
ITF3,,,Campania,
ITF31,,,,Caserta
ITF32,,,,Benevento
ITF33,,,,Napoli
ITF34,,,,Avellino
ITF35,,,,Salerno
ITF4,,,Puglia,
ITF43,,,,Taranto
ITF44,,,,Brindisi
ITF45,,,,Lecce
ITF46,,,,Foggia
ITF47,,,,Bari
ITF48,,,,Barletta-Andria-Trani
ITF5,,,Basilicata,
ITF51,,,,Potenza
ITF52,,,,Matera
ITF6,,,Calabria,
ITF61,,,,Cosenza
ITF62,,,,Crotone
ITF63,,,,Catanzaro
ITF64,,,,Vibo Valentia
ITF65,,,,Reggio di Calabria
ITG,Italy,Islands,,
ITG1,,,Sicilia,
ITG11,,,,Trapani
ITG12,,,,Palermo
ITG13,,,,Messina
ITG14,,,,Agrigento
ITG15,,,,Caltanissetta
ITG16,,,,Enna
ITG17,,,,Catania
ITG18,,,,Ragusa
ITG19,,,,Siracusa
ITG2,,,Sardegna,
ITG2D,,,,Sassari
ITG2E,,,,Nuoro
ITG2F,,,,Cagliari
ITG2G,,,,Oristano
ITG2H,,,,Sud Sardegna
ITH,Italy,North East,,
ITH1,,,Provincia Autonoma di Bolzano/Bozen,
ITH10,,,,Bolzano-Bozen
ITH2,,,Provincia Autonoma di Trento,
ITH20,,,,Trento
ITH3,,,Veneto,
ITH31,,,,Verona
ITH32,,,,Vicenza
ITH33,,,,Belluno
ITH34,,,,Treviso
ITH35,,,,Venezia
ITH36,,,,Padova
ITH37,,,,Rovigo
ITH4,,,Friuli-Venezia Giulia,
ITH41,,,,Pordenone
ITH42,,,,Udine
ITH43,,,,Gorizia
ITH44,,,,Trieste
ITH5,,,Emilia-Romagna,
ITH51,,,,Piacenza
ITH52,,,,Parma
ITH53,,,,Reggio nell’Emilia
ITH54,,,,Modena
ITH55,,,,Bologna
ITH56,,,,Ferrara
ITH57,,,,Ravenna
ITH58,,,,Forlì-Cesena
ITH59,,,,Rimini
ITI1,,,Toscana,
ITI11,,,,Massa-Carrara
ITI12,,,,Lucca
ITI13,,,,Pistoia
ITI14,,,,Firenze
ITI15,,,,Prato
ITI16,,,,Livorno
ITI17,,,,Pisa
ITI18,,,,Arezzo
ITI19,,,,Siena
ITI1A,,,,Grosseto
ITI2,,,Umbria,
ITI21,,,,Perugia
ITI22,,,,Terni
ITI3,,,Marche,
ITI31,,,,Pesaro e Urbino
ITI32,,,,Ancona
ITI33,,,,Macerata
ITI34,,,,Ascoli Piceno
ITI35,,,,Fermo
ITI4,,,Lazio,
ITI41,,,,Viterbo
ITI42,,,,Rieti
ITI43,,,,Roma
ITI44,,,,Latina
ITI45,,,,Frosinone
LT0,Lithuania,Lietuva,,
LT01,,,Capital Region,
LT011,,,,Vilnius County
LT02,,,Central and Western Lithuania region,
LT021,,,,Alytus county
LT022,,,,Kaunas County
LT023,,,,Klaipeda county
LT024,,,,Marijampole County
LT025,,,,Panevezys county
LT026,,,,Siauliai county
LT027,,,,Taurage county
LT028,,,,Telšiai county
LT029,,,,Utena county
LU0,Luxembourg,Luxembourg,,
LU00,,,Luxembourg,
,,,,Luxembourg
LV0,Latvia,Latvia,,
LV00,,,Latvia,
,,,,Kurzeme
,,,,Latgale
,,,,R?ga
,,,,Pier?ga
,,,,Vidzeme
,,,,Zemgale
ME0,Montenegro,Montenegro,,
ME00,,,Montenegro,
ME000,,,,Montenegro
MT0,Malta,Malta,,
MT00,,,Malta,
MT001,,,,malta
MT002,,,,Gozo and Comino / Gozo and Comino
NL1,Netherlands,North Netherlands,,
NL11,,,Groningen,
NL111,,,,Oost-Groningen
NL112,,,,Delfzijl en omgeving
NL113,,,,Overig Groningen
NL12,,,Friesland (NL),
NL124,,,,Noord-Friesland
NL125,,,,Zuidwest-Friesland
NL126,,,,Zuidoost-Friesland
NL13,,,Drenthe,
NL131,,,,Noord-Drenthe
NL132,,,,Zuidoost-Drenthe
NL133,,,,Zuidwest-Drenthe
NL2,Netherlands,East Holland,,
NL21,,,Overijssel,
NL211,,,,Noord-Overijssel
NL212,,,,Zuidwest-Overijssel
NL213,,,,Twente
NL22,,,Gelderland,
NL221,,,,Veluwe
NL224,,,,Zuidwest-Gelderland
NL225,,,,Achterhoek
NL226,,,,Arnhem/Nijmegen
NL23,,,Flevoland,
NL230,,,,Flevoland
NL3,Netherlands,West Netherlands,,
NL31,,,Utrecht,
NL310,,,,Utrecht
NL32,,,Noord-Holland,
NL321,,,,Kop van Noord-Holland
NL323,,,,IJmond
NL324,,,,Agglomeratie Haarlem
NL325,,,,Zaanstreek
NL327,,,,Het Gooi en Vechtstreek
NL328,,,,Alkmaar en omgeving
NL329,,,,Groot-Amsterdam
NL33,,,Zuid-Holland,
NL332,,,,Agglomeratie ’s-Gravenhage
NL333,,,,Delft en Westland
NL337,,,,Agglomeratie Leiden en Bollenstreek
NL33A,,,,Zuidoost-Zuid-Holland
NL33B,,,,Oost-Zuid-Holland
NL33C,,,,Groot-Rijnmond
NL34,,,Zeeland,
NL341,,,,Zeeuwsch-Vlaanderen
NL342,,,,Overig Zeeland
NL4,Netherlands,South of the Netherlands,,
NL41,,,Noord-Brabant,
NL411,,,,West-Noord-Brabant
NL412,,,,Midden-Noord-Brabant
NL413,,,,Noordoost-Noord-Brabant
NL414,,,,Zuidoost-Noord-Brabant
NL42,,,Limburg (NL),
NL421,,,,Noord-Limburg
NL422,,,,Midden-Limburg
NL423,,,,Zuid-Limburg
NO0,Norway,Norway,,
NO02,,,Innlandet,
NO020,,,,Innlandet
NO06,,,Trøndelag,
NO060,,,,Trøndelag
NO07,,,Nord-Norge,
NO071,,,,Nordland
NO074,,,,Troms og Finnmark
NO08,,,Oslo og Viken,
NO081,,,,Oslo
NO082,,,,Viken
NO09,,,Agder og Sør-Østlandet,
NO091,,,,Vestfold og Telemark
NO092,,,,Agder
NO0A,,,Vestlandet,
NO0A1,,,,Rogaland
NO0A2,,,,Vestland
NO0A3,,,,Møre og Romsdal
PL2,Poland,Southern macroregion,,
PL21,,,Lesser,
PL213,,,,The city of Krakow
PL214,,,,Krakowski
PL217,,,,Tarnowski
PL218,,,,nowosadecki
PL219,,,,nowotarski
PL21A,,,,Oswiecimski
PL22,,,Silesian,
PL224,,,,Czestochowski
PL225,,,,Bielski
PL227,,,,Rybnicki
PL228,,,,Bytomski
PL229,,,,Gliwicki
PL22A,,,,Katowicki
PL22B,,,,Sosnowiecki
PL22C,,,,Tyski
PL4,Poland,Northwestern Macroregion,,
PL41,,,Wielkopolskie,
PL411,,,,Pilski
PL414,,,,Koninski
PL415,,,,Miasto Poznan
PL416,,,,Kaliski
PL417,,,,Leszczynski
PL418,,,,Poznanski
PL42,,,Zachodniopomorskie,
PL424,,,,Miasto Szczecin
PL426,,,,Koszali?ski
PL427,,,,Szczecinecko-pyrzycki
PL428,,,,Szczeci?ski
PL43,,,Lubuskie,
PL431,,,,Gorzowski
PL432,,,,Zielonogórski
PL5,Poland,Southwestern macroregion,,
PL51,,,Dolnoslaskie,
PL514,,,,Wroclaw city
PL515,,,,jeleniogórski
PL516,,,,Legnica-G?ogów
PL517,,,,walbrzyski
PL518,,,,Wroclaw
PL52,,,Opolskie,
PL523,,,,Nyski
PL524,,,,Opolski
PL6,Poland,Northern macroregion,,
PL61,,,Kujawsko-pomorskie,
PL613,,,,Bydgosko-toru?ski
PL616,,,,Grudzi?dzki
PL617,,,,Inowroc?awski
PL618,,,,?wiecki
PL619,,,,W?oc?awski
PL62,,,Warminsko-mazurskie,
PL621,,,,Elbl?ski
PL622,,,,Olszty?ski
PL623,,,,E?cki
PL63,,,Pomorskie,
PL633,,,,Trójmiejski
PL634,,,,Gda?ski
PL636,,,,S?upski
PL637,,,,Chojnicki
PL638,,,,Starogardzki
PL7,Poland,Central macroregion,,
PL71,,,tódzkie,
PL711,,,,Miasto ?ód?
PL712,,,,?ódzki
PL713,,,,Piotrkowski
PL714,,,,Sieradzki
PL715,,,,Skierniewicki
PL72,,,Swietokrzyskie,
PL8,Poland,Eastern macroregion,,
PL81,,,Lubelskie,
PL82,,,Podkarpackie,
PL84,,,Podlaskie,
PL9,Poland,Macroregion Mazowieckie Province,,
PL91,,,Warszawski stoleczny,
PL92,,,Mazowiecki regionalny,
PT1,Portugal,Continente,,
PT11,,,Norte,
PT15,,,Algarve,
PT16,,,Centro (PT),
PT17,,,Área Metropolitana de Lisboa,
PT18,,,Alentejo,
PT2,Portugal,Região Autónoma dos Açores,,
PT20,,,,
PT3,Portugal,Região Autónoma da Madeira,,
PT30,,,,
RO1,Romania,Macroregion One,,
RO11,,,Nord-Vest,
RO12,,,Centru,
RO2,Romania,Macroregion Two,,
RO21,,,Nord-Est,
RO22,,,Sud-Est,
RO3,Romania,Macroregion Three,,
RO31,,,Sud-Muntenia,
RO32,,,Bucure?ti-Ilfov,
RO4,Romania,Macroregion Four,,
RO41,,,Sud-Vest Oltenia,
RO42,,,Vest,
RS1,Serbia,Serbia - North,,
RS11,,,Belgrade region,
RS12,,,Region of Vojvodina,
RS2,Serbia,Serbia - South,,
RS21,,,Sumadija and Western Serbia region,
RS22,,,Region of Southern and Eastern Serbia,
SE1,Sweden,East Sweden,,
SE11,,,Stockholm,
SE12,,,Östra Mellansverige,
SE2,Sweden,Southern Sweden,,
SE21,,,Småland med öarna,
SE22,,,Sydsverige,
SE23,,,Västsverige,
SE3,Sweden,North Sweden,,
SE31,,,Norra Mellansverige,
SE32,,,Mellersta Norrland,
SE33,,,Övre Norrland,
SI0,Slovenia,Slovenia,,
SI03,,,Vzhodna Slovenija,
SI04,,,Zahodna Slovenija,
SK0,Slovakia,Slovakia,,
SK01,,,Bratislavský kraj,
SK02,,,Západné Slovensko,
SK03,,,Stredné Slovensko,
SK04,,,Východné Slovensko,
UKC,United Kingdom,North East (England),,
UKC1,,,Tees Valley and Durham,
UKC2,,,Northumberland and Tyne and Wear,
UKD,United Kingdom,North West (England),,
UKD1,,,Cumbria,
UKD3,,,Greater Manchester,
UKD4,,,Lancashire,
UKD6,,,Cheshire,
UKD7,,,Merseyside,
UKE,United Kingdom,Yorkshire and the Humber,,
UKE1,,,East Yorkshire and Northern Lincolnshire,
UKE2,,,North Yorkshire,
UKE3,,,South Yorkshire,
UKE4,,,West Yorkshire,
UKF,United Kingdom,East Midlands (England),,
UKF1,,,Derbyshire and Nottinghamshire,
UKF2,,,"Leicestershire, Rutland and Northamptonshire",
UKF3,,,Lincolnshire,
UKG,United Kingdom,West Midlands (England),,
UKG1,,,"Herefordshire, Worcestershire and Warwickshire",
UKG2,,,Shropshire and Staffordshire,
UKG3,,,West Midlands,
UKH,United Kingdom,East of England,,
UKH1,,,East Anglia,
UKH2,,,Bedfordshire and Hertfordshire,
UKH3,,,Essex,
UKI,United Kingdom,London,,
UKI3,,,Inner London — West,
UKI4,,,Inner London — East,
UKI5,,,Outer London — East and North East,
UKI6,,,Outer London — South,
UKI7,,,Outer London — West and North West,
UKJ,United Kingdom,South East (England),,
UKJ1,,,"Berkshire, Buckinghamshire and Oxfordshire",
UKJ2,,,"Surrey, East and West Sussex",
UKJ3,,,Hampshire and Isle of Wight,
UKJ4,,,Kent,
UKK,United Kingdom,South West (England),,
UKK1,,,"Gloucestershire, Wiltshire and Bristol/Bath area",
UKK2,,,Dorset and Somerset,
UKK3,,,Cornwall and Isles of Scilly,
UKK4,,,Devon,
UKL,United Kingdom,Wales,,
UKL1,,,West Wales and The Valleys,
UKL2,,,East Wales,
UKM,United Kingdom,Scotland,,
UKM5,,,North Eastern Scotland,
UKM6,,,Highlands and Islands,
UKM7,,,Eastern Scotland,
UKM8,,,West Central Scotland,
UKM9,,,Southern Scotland,
UKN,United Kingdom,Northern Ireland,,
UKN0,,,,
